"","ID","Species","Medium","Temp","Citation","PopBio_units","model","Akaike_weight_top_model"
"1",1,"Acinetobacter.clacoaceticus..RDA.R.","TSB",5,"Bae, Y.M., Zheng, L., Hyun, J.E., Jung, K.S., Heu, S. and Lee, S.Y., 2014. Growth characteristics and biofilm formation of various spoilage bacteria isolated from fresh produce. Journal of food science, 79(10), pp.M2072-M2080.","OD_595","quadratic",0.457001517329674
"2",2,"Acinetobacter.clacoaceticus..RDA.R.","TSB",15,"Bae, Y.M., Zheng, L., Hyun, J.E., Jung, K.S., Heu, S. and Lee, S.Y., 2014. Growth characteristics and biofilm formation of various spoilage bacteria isolated from fresh produce. Journal of food science, 79(10), pp.M2072-M2080.","OD_595","cubic",0.998200207570794
"3",3,"Acinetobacter.clacoaceticus..RDA.R.","TSB",25,"Bae, Y.M., Zheng, L., Hyun, J.E., Jung, K.S., Heu, S. and Lee, S.Y., 2014. Growth characteristics and biofilm formation of various spoilage bacteria isolated from fresh produce. Journal of food science, 79(10), pp.M2072-M2080.","OD_595","gompertz",0.996359095713609
"4",4,"Acinetobacter.clacoaceticus..RDA.R.","TSB",35,"Bae, Y.M., Zheng, L., Hyun, J.E., Jung, K.S., Heu, S. and Lee, S.Y., 2014. Growth characteristics and biofilm formation of various spoilage bacteria isolated from fresh produce. Journal of food science, 79(10), pp.M2072-M2080.","OD_595","gompertz",0.999999893785717
"5",5,"Acinetobacter.clacoaceticus.1","TSB",5,"Bae, Y.M., Zheng, L., Hyun, J.E., Jung, K.S., Heu, S. and Lee, S.Y., 2014. Growth characteristics and biofilm formation of various spoilage bacteria isolated from fresh produce. Journal of food science, 79(10), pp.M2072-M2080.","OD_595","gompertz",0.703093576583695
"6",6,"Acinetobacter.clacoaceticus.1","TSB",15,"Bae, Y.M., Zheng, L., Hyun, J.E., Jung, K.S., Heu, S. and Lee, S.Y., 2014. Growth characteristics and biofilm formation of various spoilage bacteria isolated from fresh produce. Journal of food science, 79(10), pp.M2072-M2080.","OD_595","gompertz",0.999272040453822
"7",7,"Acinetobacter.clacoaceticus.1","TSB",25,"Bae, Y.M., Zheng, L., Hyun, J.E., Jung, K.S., Heu, S. and Lee, S.Y., 2014. Growth characteristics and biofilm formation of various spoilage bacteria isolated from fresh produce. Journal of food science, 79(10), pp.M2072-M2080.","OD_595","cubic",0.751594432120168
"8",8,"Acinetobacter.clacoaceticus.1","TSB",35,"Bae, Y.M., Zheng, L., Hyun, J.E., Jung, K.S., Heu, S. and Lee, S.Y., 2014. Growth characteristics and biofilm formation of various spoilage bacteria isolated from fresh produce. Journal of food science, 79(10), pp.M2072-M2080.","OD_595","gompertz",0.999999997523062
"9",9,"Acinetobacter.clacoaceticus.2","TSB",5,"Bae, Y.M., Zheng, L., Hyun, J.E., Jung, K.S., Heu, S. and Lee, S.Y., 2014. Growth characteristics and biofilm formation of various spoilage bacteria isolated from fresh produce. Journal of food science, 79(10), pp.M2072-M2080.","OD_595","gompertz",0.99685950452369
"10",10,"Acinetobacter.clacoaceticus.2","TSB",15,"Bae, Y.M., Zheng, L., Hyun, J.E., Jung, K.S., Heu, S. and Lee, S.Y., 2014. Growth characteristics and biofilm formation of various spoilage bacteria isolated from fresh produce. Journal of food science, 79(10), pp.M2072-M2080.","OD_595","gompertz",0.999999586480028
"11",11,"Acinetobacter.clacoaceticus.2","TSB",25,"Bae, Y.M., Zheng, L., Hyun, J.E., Jung, K.S., Heu, S. and Lee, S.Y., 2014. Growth characteristics and biofilm formation of various spoilage bacteria isolated from fresh produce. Journal of food science, 79(10), pp.M2072-M2080.","OD_595","cubic",0.49751637171476
"12",12,"Acinetobacter.clacoaceticus.2","TSB",35,"Bae, Y.M., Zheng, L., Hyun, J.E., Jung, K.S., Heu, S. and Lee, S.Y., 2014. Growth characteristics and biofilm formation of various spoilage bacteria isolated from fresh produce. Journal of food science, 79(10), pp.M2072-M2080.","OD_595","gompertz",0.644736215361605
"13",13,"Aerobic Mesophilic.","Cooked Chicken Breast",2,"Galarz, L.A., Fonseca, G.G. and Prentice, C., 2016. Predicting bacterial growth in raw, salted, and cooked chicken breast fillets during storage. Food Science and Technology International, 22(6), pp.461-474.","CFU","cubic",0.878486346602433
"14",15,"Aerobic Mesophilic.","Cooked Chicken Breast",7,"Galarz, L.A., Fonseca, G.G. and Prentice, C., 2016. Predicting bacterial growth in raw, salted, and cooked chicken breast fillets during storage. Food Science and Technology International, 22(6), pp.461-474.","CFU","gompertz",0.654199513862423
"15",16,"Aerobic Mesophilic.","Cooked Chicken Breast",10,"Galarz, L.A., Fonseca, G.G. and Prentice, C., 2016. Predicting bacterial growth in raw, salted, and cooked chicken breast fillets during storage. Food Science and Technology International, 22(6), pp.461-474.","CFU","gompertz",0.875785919668641
"16",17,"Aerobic Mesophilic.","Cooked Chicken Breast",15,"Galarz, L.A., Fonseca, G.G. and Prentice, C., 2016. Predicting bacterial growth in raw, salted, and cooked chicken breast fillets during storage. Food Science and Technology International, 22(6), pp.461-474.","CFU","gompertz",0.989334344897908
"17",18,"Aerobic Mesophilic.","Cooked Chicken Breast",20,"Galarz, L.A., Fonseca, G.G. and Prentice, C., 2016. Predicting bacterial growth in raw, salted, and cooked chicken breast fillets during storage. Food Science and Technology International, 22(6), pp.461-474.","CFU","cubic",0.972009042913509
"18",19,"Aerobic Mesophilic.","Raw Chicken Breast",2,"Galarz, L.A., Fonseca, G.G. and Prentice, C., 2016. Predicting bacterial growth in raw, salted, and cooked chicken breast fillets during storage. Food Science and Technology International, 22(6), pp.461-474.","CFU","gompertz",0.86080902994078
"19",20,"Aerobic Mesophilic.","Raw Chicken Breast",4,"Galarz, L.A., Fonseca, G.G. and Prentice, C., 2016. Predicting bacterial growth in raw, salted, and cooked chicken breast fillets during storage. Food Science and Technology International, 22(6), pp.461-474.","CFU","gompertz",0.726480430242076
"20",21,"Aerobic Mesophilic.","Raw Chicken Breast",7,"Galarz, L.A., Fonseca, G.G. and Prentice, C., 2016. Predicting bacterial growth in raw, salted, and cooked chicken breast fillets during storage. Food Science and Technology International, 22(6), pp.461-474.","CFU","gompertz",0.906082097258682
"21",22,"Aerobic Mesophilic.","Raw Chicken Breast",10,"Galarz, L.A., Fonseca, G.G. and Prentice, C., 2016. Predicting bacterial growth in raw, salted, and cooked chicken breast fillets during storage. Food Science and Technology International, 22(6), pp.461-474.","CFU","gompertz",0.9899520259626
"22",23,"Aerobic Mesophilic.","Raw Chicken Breast",15,"Galarz, L.A., Fonseca, G.G. and Prentice, C., 2016. Predicting bacterial growth in raw, salted, and cooked chicken breast fillets during storage. Food Science and Technology International, 22(6), pp.461-474.","CFU","gompertz",0.700298046553196
"23",24,"Aerobic Mesophilic.","Raw Chicken Breast",20,"Galarz, L.A., Fonseca, G.G. and Prentice, C., 2016. Predicting bacterial growth in raw, salted, and cooked chicken breast fillets during storage. Food Science and Technology International, 22(6), pp.461-474.","CFU","quadratic",0.410673430979412
"24",25,"Aerobic Mesophilic.","Salted Chicken Breast",2,"Galarz, L.A., Fonseca, G.G. and Prentice, C., 2016. Predicting bacterial growth in raw, salted, and cooked chicken breast fillets during storage. Food Science and Technology International, 22(6), pp.461-474.","CFU","gompertz",0.991591022756452
"25",26,"Aerobic Mesophilic.","Salted Chicken Breast",4,"Galarz, L.A., Fonseca, G.G. and Prentice, C., 2016. Predicting bacterial growth in raw, salted, and cooked chicken breast fillets during storage. Food Science and Technology International, 22(6), pp.461-474.","CFU","gompertz",0.998735731458106
"26",27,"Aerobic Mesophilic.","Salted Chicken Breast",7,"Galarz, L.A., Fonseca, G.G. and Prentice, C., 2016. Predicting bacterial growth in raw, salted, and cooked chicken breast fillets during storage. Food Science and Technology International, 22(6), pp.461-474.","CFU","cubic",0.964786024112796
"27",28,"Aerobic Mesophilic.","Salted Chicken Breast",10,"Galarz, L.A., Fonseca, G.G. and Prentice, C., 2016. Predicting bacterial growth in raw, salted, and cooked chicken breast fillets during storage. Food Science and Technology International, 22(6), pp.461-474.","CFU","gompertz",0.994169184709376
"28",29,"Aerobic Mesophilic.","Salted Chicken Breast",15,"Galarz, L.A., Fonseca, G.G. and Prentice, C., 2016. Predicting bacterial growth in raw, salted, and cooked chicken breast fillets during storage. Food Science and Technology International, 22(6), pp.461-474.","CFU","gompertz",0.578958131904879
"29",30,"Aerobic Mesophilic.","Salted Chicken Breast",20,"Galarz, L.A., Fonseca, G.G. and Prentice, C., 2016. Predicting bacterial growth in raw, salted, and cooked chicken breast fillets during storage. Food Science and Technology International, 22(6), pp.461-474.","CFU","gompertz",0.742324021399007
"30",31,"Aerobic Psychotropic.","Cooked Chicken Breast",2,"Galarz, L.A., Fonseca, G.G. and Prentice, C., 2016. Predicting bacterial growth in raw, salted, and cooked chicken breast fillets during storage. Food Science and Technology International, 22(6), pp.461-474.","CFU","gompertz",0.998021889332921
"31",32,"Aerobic Psychotropic.","Cooked Chicken Breast",4,"Galarz, L.A., Fonseca, G.G. and Prentice, C., 2016. Predicting bacterial growth in raw, salted, and cooked chicken breast fillets during storage. Food Science and Technology International, 22(6), pp.461-474.","CFU","gompertz",0.492642084432528
"32",33,"Aerobic Psychotropic.","Cooked Chicken Breast",7,"Galarz, L.A., Fonseca, G.G. and Prentice, C., 2016. Predicting bacterial growth in raw, salted, and cooked chicken breast fillets during storage. Food Science and Technology International, 22(6), pp.461-474.","CFU","gompertz",0.884903031757953
"33",34,"Aerobic Psychotropic.","Cooked Chicken Breast",10,"Galarz, L.A., Fonseca, G.G. and Prentice, C., 2016. Predicting bacterial growth in raw, salted, and cooked chicken breast fillets during storage. Food Science and Technology International, 22(6), pp.461-474.","CFU","gompertz",0.999869862738512
"34",35,"Aerobic Psychotropic.","Cooked Chicken Breast",15,"Galarz, L.A., Fonseca, G.G. and Prentice, C., 2016. Predicting bacterial growth in raw, salted, and cooked chicken breast fillets during storage. Food Science and Technology International, 22(6), pp.461-474.","CFU","cubic",0.596765190357603
"35",36,"Aerobic Psychotropic.","Cooked Chicken Breast",20,"Galarz, L.A., Fonseca, G.G. and Prentice, C., 2016. Predicting bacterial growth in raw, salted, and cooked chicken breast fillets during storage. Food Science and Technology International, 22(6), pp.461-474.","CFU","cubic",0.470824482010917
"36",37,"Aerobic Psychotropic.","Raw Chicken Breast",2,"Galarz, L.A., Fonseca, G.G. and Prentice, C., 2016. Predicting bacterial growth in raw, salted, and cooked chicken breast fillets during storage. Food Science and Technology International, 22(6), pp.461-474.","CFU","gompertz",0.998941353028998
"37",39,"Aerobic Psychotropic.","Raw Chicken Breast",7,"Galarz, L.A., Fonseca, G.G. and Prentice, C., 2016. Predicting bacterial growth in raw, salted, and cooked chicken breast fillets during storage. Food Science and Technology International, 22(6), pp.461-474.","CFU","cubic",0.938010587234092
"38",40,"Aerobic Psychotropic.","Raw Chicken Breast",10,"Galarz, L.A., Fonseca, G.G. and Prentice, C., 2016. Predicting bacterial growth in raw, salted, and cooked chicken breast fillets during storage. Food Science and Technology International, 22(6), pp.461-474.","CFU","gompertz",0.999248153944256
"39",41,"Aerobic Psychotropic.","Raw Chicken Breast",15,"Galarz, L.A., Fonseca, G.G. and Prentice, C., 2016. Predicting bacterial growth in raw, salted, and cooked chicken breast fillets during storage. Food Science and Technology International, 22(6), pp.461-474.","CFU","cubic",0.694246934469162
"40",42,"Aerobic Psychotropic.","Raw Chicken Breast",20,"Galarz, L.A., Fonseca, G.G. and Prentice, C., 2016. Predicting bacterial growth in raw, salted, and cooked chicken breast fillets during storage. Food Science and Technology International, 22(6), pp.461-474.","CFU","linear",0.688372253849914
"41",43,"Aerobic Psychotropic.","Salted Chicken Breast",2,"Galarz, L.A., Fonseca, G.G. and Prentice, C., 2016. Predicting bacterial growth in raw, salted, and cooked chicken breast fillets during storage. Food Science and Technology International, 22(6), pp.461-474.","CFU","gompertz",0.999995208571387
"42",45,"Aerobic Psychotropic.","Salted Chicken Breast",7,"Galarz, L.A., Fonseca, G.G. and Prentice, C., 2016. Predicting bacterial growth in raw, salted, and cooked chicken breast fillets during storage. Food Science and Technology International, 22(6), pp.461-474.","CFU","gompertz",0.833315542386083
"43",46,"Aerobic Psychotropic.","Salted Chicken Breast",10,"Galarz, L.A., Fonseca, G.G. and Prentice, C., 2016. Predicting bacterial growth in raw, salted, and cooked chicken breast fillets during storage. Food Science and Technology International, 22(6), pp.461-474.","CFU","gompertz",0.873690578980477
"44",47,"Aerobic Psychotropic.","Salted Chicken Breast",15,"Galarz, L.A., Fonseca, G.G. and Prentice, C., 2016. Predicting bacterial growth in raw, salted, and cooked chicken breast fillets during storage. Food Science and Technology International, 22(6), pp.461-474.","CFU","gompertz",0.90760061794063
"45",49,"Arthrobacter aurescens","TGE agar",0,"Roth, N.G. and Wheaton, R.B., 1962. Continuity of psychrophilic and mesophilic growth characteristics in the genus Arthrobacter. Journal of bacteriology, 83(3), pp.551-555.","CFU","gompertz",0.999823611491294
"46",50,"Arthrobacter aurescens","TGE agar",7,"Roth, N.G. and Wheaton, R.B., 1962. Continuity of psychrophilic and mesophilic growth characteristics in the genus Arthrobacter. Journal of bacteriology, 83(3), pp.551-555.","CFU","gompertz",0.999698458483226
"47",51,"Arthrobacter aurescens","TGE agar",20,"Roth, N.G. and Wheaton, R.B., 1962. Continuity of psychrophilic and mesophilic growth characteristics in the genus Arthrobacter. Journal of bacteriology, 83(3), pp.551-555.","CFU","gompertz",0.999950731707311
"48",53,"Arthrobacter aurescens","TGE agar",37,"Roth, N.G. and Wheaton, R.B., 1962. Continuity of psychrophilic and mesophilic growth characteristics in the genus Arthrobacter. Journal of bacteriology, 83(3), pp.551-555.","CFU","gompertz",0.999999979649326
"49",54,"Arthrobacter citreus","TGE agar",0,"Roth, N.G. and Wheaton, R.B., 1962. Continuity of psychrophilic and mesophilic growth characteristics in the genus Arthrobacter. Journal of bacteriology, 83(3), pp.551-555.","CFU","gompertz",0.999999999955709
"50",55,"Arthrobacter citreus","TGE agar",7,"Roth, N.G. and Wheaton, R.B., 1962. Continuity of psychrophilic and mesophilic growth characteristics in the genus Arthrobacter. Journal of bacteriology, 83(3), pp.551-555.","CFU","gompertz",0.999999987402435
"51",56,"Arthrobacter citreus","TGE agar",20,"Roth, N.G. and Wheaton, R.B., 1962. Continuity of psychrophilic and mesophilic growth characteristics in the genus Arthrobacter. Journal of bacteriology, 83(3), pp.551-555.","CFU","gompertz",0.940968296077856
"52",57,"Arthrobacter citreus","TGE agar",30,"Roth, N.G. and Wheaton, R.B., 1962. Continuity of psychrophilic and mesophilic growth characteristics in the genus Arthrobacter. Journal of bacteriology, 83(3), pp.551-555.","CFU","gompertz",0.995576012462696
"53",58,"Arthrobacter citreus","TGE agar",37,"Roth, N.G. and Wheaton, R.B., 1962. Continuity of psychrophilic and mesophilic growth characteristics in the genus Arthrobacter. Journal of bacteriology, 83(3), pp.551-555.","CFU","linear",0.467183922584366
"54",59,"Arthrobacter globiformis","TGE agar",0,"Roth, N.G. and Wheaton, R.B., 1962. Continuity of psychrophilic and mesophilic growth characteristics in the genus Arthrobacter. Journal of bacteriology, 83(3), pp.551-555.","CFU","linear",0.623994510982267
"55",60,"Arthrobacter globiformis","TGE agar",7,"Roth, N.G. and Wheaton, R.B., 1962. Continuity of psychrophilic and mesophilic growth characteristics in the genus Arthrobacter. Journal of bacteriology, 83(3), pp.551-555.","CFU","gompertz",0.976593946745637
"56",61,"Arthrobacter globiformis","TGE agar",20,"Roth, N.G. and Wheaton, R.B., 1962. Continuity of psychrophilic and mesophilic growth characteristics in the genus Arthrobacter. Journal of bacteriology, 83(3), pp.551-555.","CFU","gompertz",0.967075335114297
"57",62,"Arthrobacter globiformis","TGE agar",30,"Roth, N.G. and Wheaton, R.B., 1962. Continuity of psychrophilic and mesophilic growth characteristics in the genus Arthrobacter. Journal of bacteriology, 83(3), pp.551-555.","CFU","quadratic",0.536088898420007
"58",63,"Arthrobacter globiformis","TGE agar",37,"Roth, N.G. and Wheaton, R.B., 1962. Continuity of psychrophilic and mesophilic growth characteristics in the genus Arthrobacter. Journal of bacteriology, 83(3), pp.551-555.","CFU","gompertz",0.928210104568502
"59",64,"Arthrobacter simplex","TGE agar",0,"Roth, N.G. and Wheaton, R.B., 1962. Continuity of psychrophilic and mesophilic growth characteristics in the genus Arthrobacter. Journal of bacteriology, 83(3), pp.551-555.","CFU","linear",0.525494405090611
"60",65,"Arthrobacter simplex","TGE agar",7,"Roth, N.G. and Wheaton, R.B., 1962. Continuity of psychrophilic and mesophilic growth characteristics in the genus Arthrobacter. Journal of bacteriology, 83(3), pp.551-555.","CFU","gompertz",0.999982677643862
"61",66,"Arthrobacter simplex","TGE agar",20,"Roth, N.G. and Wheaton, R.B., 1962. Continuity of psychrophilic and mesophilic growth characteristics in the genus Arthrobacter. Journal of bacteriology, 83(3), pp.551-555.","CFU","gompertz",0.95051276444575
"62",67,"Arthrobacter simplex","TGE agar",30,"Roth, N.G. and Wheaton, R.B., 1962. Continuity of psychrophilic and mesophilic growth characteristics in the genus Arthrobacter. Journal of bacteriology, 83(3), pp.551-555.","CFU","gompertz",0.914503997680327
"63",68,"Arthrobacter simplex","TGE agar",37,"Roth, N.G. and Wheaton, R.B., 1962. Continuity of psychrophilic and mesophilic growth characteristics in the genus Arthrobacter. Journal of bacteriology, 83(3), pp.551-555.","CFU","gompertz",0.999999289813825
"64",69,"Arthrobacter sp. 62","TGE agar",0,"Roth, N.G. and Wheaton, R.B., 1962. Continuity of psychrophilic and mesophilic growth characteristics in the genus Arthrobacter. Journal of bacteriology, 83(3), pp.551-555.","CFU","gompertz",0.996183853803178
"65",70,"Arthrobacter sp. 62","TGE agar",7,"Roth, N.G. and Wheaton, R.B., 1962. Continuity of psychrophilic and mesophilic growth characteristics in the genus Arthrobacter. Journal of bacteriology, 83(3), pp.551-555.","CFU","gompertz",0.823582835124083
"66",71,"Arthrobacter sp. 62","TGE agar",20,"Roth, N.G. and Wheaton, R.B., 1962. Continuity of psychrophilic and mesophilic growth characteristics in the genus Arthrobacter. Journal of bacteriology, 83(3), pp.551-555.","CFU","gompertz",0.999990619584486
"67",73,"Arthrobacter sp. 62","TGE agar",37,"Roth, N.G. and Wheaton, R.B., 1962. Continuity of psychrophilic and mesophilic growth characteristics in the genus Arthrobacter. Journal of bacteriology, 83(3), pp.551-555.","CFU","quadratic",0.542994336832909
"68",74,"Arthrobacter sp. 77","TGE agar",0,"Roth, N.G. and Wheaton, R.B., 1962. Continuity of psychrophilic and mesophilic growth characteristics in the genus Arthrobacter. Journal of bacteriology, 83(3), pp.551-555.","CFU","gompertz",0.995811066876554
"69",75,"Arthrobacter sp. 77","TGE agar",7,"Roth, N.G. and Wheaton, R.B., 1962. Continuity of psychrophilic and mesophilic growth characteristics in the genus Arthrobacter. Journal of bacteriology, 83(3), pp.551-555.","CFU","gompertz",0.991944479210391
"70",76,"Arthrobacter sp. 77","TGE agar",20,"Roth, N.G. and Wheaton, R.B., 1962. Continuity of psychrophilic and mesophilic growth characteristics in the genus Arthrobacter. Journal of bacteriology, 83(3), pp.551-555.","CFU","quadratic",0.92413532603828
"71",77,"Arthrobacter sp. 77","TGE agar",30,"Roth, N.G. and Wheaton, R.B., 1962. Continuity of psychrophilic and mesophilic growth characteristics in the genus Arthrobacter. Journal of bacteriology, 83(3), pp.551-555.","CFU","gompertz",0.999997957590112
"72",78,"Arthrobacter sp. 77","TGE agar",37,"Roth, N.G. and Wheaton, R.B., 1962. Continuity of psychrophilic and mesophilic growth characteristics in the genus Arthrobacter. Journal of bacteriology, 83(3), pp.551-555.","CFU","gompertz",0.514274659445635
"73",79,"Arthrobacter sp. 88","TGE agar",0,"Roth, N.G. and Wheaton, R.B., 1962. Continuity of psychrophilic and mesophilic growth characteristics in the genus Arthrobacter. Journal of bacteriology, 83(3), pp.551-555.","CFU","gompertz",0.999999650759904
"74",80,"Arthrobacter sp. 88","TGE agar",7,"Roth, N.G. and Wheaton, R.B., 1962. Continuity of psychrophilic and mesophilic growth characteristics in the genus Arthrobacter. Journal of bacteriology, 83(3), pp.551-555.","CFU","cubic",0.523344228184745
"75",81,"Arthrobacter sp. 88","TGE agar",20,"Roth, N.G. and Wheaton, R.B., 1962. Continuity of psychrophilic and mesophilic growth characteristics in the genus Arthrobacter. Journal of bacteriology, 83(3), pp.551-555.","CFU","gompertz",0.999949357311915
"76",82,"Arthrobacter sp. 88","TGE agar",30,"Roth, N.G. and Wheaton, R.B., 1962. Continuity of psychrophilic and mesophilic growth characteristics in the genus Arthrobacter. Journal of bacteriology, 83(3), pp.551-555.","CFU","gompertz",0.999996484277192
"77",83,"Arthrobacter sp. 88","TGE agar",37,"Roth, N.G. and Wheaton, R.B., 1962. Continuity of psychrophilic and mesophilic growth characteristics in the genus Arthrobacter. Journal of bacteriology, 83(3), pp.551-555.","CFU","linear",0.439169411735603
"78",85,"Bacillus.pumilus","TSB",15,"Bae, Y.M., Zheng, L., Hyun, J.E., Jung, K.S., Heu, S. and Lee, S.Y., 2014. Growth characteristics and biofilm formation of various spoilage bacteria isolated from fresh produce. Journal of food science, 79(10), pp.M2072-M2080.","OD_595","cubic",0.995678208449642
"79",86,"Bacillus.pumilus","TSB",25,"Bae, Y.M., Zheng, L., Hyun, J.E., Jung, K.S., Heu, S. and Lee, S.Y., 2014. Growth characteristics and biofilm formation of various spoilage bacteria isolated from fresh produce. Journal of food science, 79(10), pp.M2072-M2080.","OD_595","gompertz",0.999982685892871
"80",87,"Bacillus.pumilus","TSB",35,"Bae, Y.M., Zheng, L., Hyun, J.E., Jung, K.S., Heu, S. and Lee, S.Y., 2014. Growth characteristics and biofilm formation of various spoilage bacteria isolated from fresh produce. Journal of food science, 79(10), pp.M2072-M2080.","OD_595","gompertz",0.999999998021369
"81",89,"Bacillus.pumilus..RDA.R.","TSB",15,"Bae, Y.M., Zheng, L., Hyun, J.E., Jung, K.S., Heu, S. and Lee, S.Y., 2014. Growth characteristics and biofilm formation of various spoilage bacteria isolated from fresh produce. Journal of food science, 79(10), pp.M2072-M2080.","OD_595","gompertz",0.994947296278694
"82",90,"Bacillus.pumilus..RDA.R.","TSB",25,"Bae, Y.M., Zheng, L., Hyun, J.E., Jung, K.S., Heu, S. and Lee, S.Y., 2014. Growth characteristics and biofilm formation of various spoilage bacteria isolated from fresh produce. Journal of food science, 79(10), pp.M2072-M2080.","OD_595","gompertz",0.999776950520602
"83",91,"Bacillus.pumilus..RDA.R.","TSB",35,"Bae, Y.M., Zheng, L., Hyun, J.E., Jung, K.S., Heu, S. and Lee, S.Y., 2014. Growth characteristics and biofilm formation of various spoilage bacteria isolated from fresh produce. Journal of food science, 79(10), pp.M2072-M2080.","OD_595","gompertz",0.999999889229407
"84",92,"Chryseobacterium.balustinum","TSB",5,"Bae, Y.M., Zheng, L., Hyun, J.E., Jung, K.S., Heu, S. and Lee, S.Y., 2014. Growth characteristics and biofilm formation of various spoilage bacteria isolated from fresh produce. Journal of food science, 79(10), pp.M2072-M2080.","OD_595","gompertz",0.649770331792431
"85",93,"Chryseobacterium.balustinum","TSB",15,"Bae, Y.M., Zheng, L., Hyun, J.E., Jung, K.S., Heu, S. and Lee, S.Y., 2014. Growth characteristics and biofilm formation of various spoilage bacteria isolated from fresh produce. Journal of food science, 79(10), pp.M2072-M2080.","OD_595","gompertz",0.999998914786296
"86",94,"Chryseobacterium.balustinum","TSB",25,"Bae, Y.M., Zheng, L., Hyun, J.E., Jung, K.S., Heu, S. and Lee, S.Y., 2014. Growth characteristics and biofilm formation of various spoilage bacteria isolated from fresh produce. Journal of food science, 79(10), pp.M2072-M2080.","OD_595","gompertz",0.986698865550296
"87",95,"Chryseobacterium.balustinum","TSB",35,"Bae, Y.M., Zheng, L., Hyun, J.E., Jung, K.S., Heu, S. and Lee, S.Y., 2014. Growth characteristics and biofilm formation of various spoilage bacteria isolated from fresh produce. Journal of food science, 79(10), pp.M2072-M2080.","OD_595","gompertz",0.999998010163057
"88",96,"Clavibacter.michiganensis","TSB",5,"Bae, Y.M., Zheng, L., Hyun, J.E., Jung, K.S., Heu, S. and Lee, S.Y., 2014. Growth characteristics and biofilm formation of various spoilage bacteria isolated from fresh produce. Journal of food science, 79(10), pp.M2072-M2080.","OD_595","cubic",0.804938133176801
"89",97,"Clavibacter.michiganensis","TSB",15,"Bae, Y.M., Zheng, L., Hyun, J.E., Jung, K.S., Heu, S. and Lee, S.Y., 2014. Growth characteristics and biofilm formation of various spoilage bacteria isolated from fresh produce. Journal of food science, 79(10), pp.M2072-M2080.","OD_595","cubic",0.999003982958607
"90",98,"Clavibacter.michiganensis","TSB",25,"Bae, Y.M., Zheng, L., Hyun, J.E., Jung, K.S., Heu, S. and Lee, S.Y., 2014. Growth characteristics and biofilm formation of various spoilage bacteria isolated from fresh produce. Journal of food science, 79(10), pp.M2072-M2080.","OD_595","gompertz",0.999999251995825
"91",99,"Clavibacter.michiganensis","TSB",35,"Bae, Y.M., Zheng, L., Hyun, J.E., Jung, K.S., Heu, S. and Lee, S.Y., 2014. Growth characteristics and biofilm formation of various spoilage bacteria isolated from fresh produce. Journal of food science, 79(10), pp.M2072-M2080.","OD_595","gompertz",0.999999999999565
"92",100,"Clavibacter.michiganensis..RDA.R.","TSB",5,"Bae, Y.M., Zheng, L., Hyun, J.E., Jung, K.S., Heu, S. and Lee, S.Y., 2014. Growth characteristics and biofilm formation of various spoilage bacteria isolated from fresh produce. Journal of food science, 79(10), pp.M2072-M2080.","OD_595","cubic",0.862188428265447
"93",101,"Clavibacter.michiganensis..RDA.R.","TSB",15,"Bae, Y.M., Zheng, L., Hyun, J.E., Jung, K.S., Heu, S. and Lee, S.Y., 2014. Growth characteristics and biofilm formation of various spoilage bacteria isolated from fresh produce. Journal of food science, 79(10), pp.M2072-M2080.","OD_595","cubic",0.999999998401557
"94",102,"Clavibacter.michiganensis..RDA.R.","TSB",25,"Bae, Y.M., Zheng, L., Hyun, J.E., Jung, K.S., Heu, S. and Lee, S.Y., 2014. Growth characteristics and biofilm formation of various spoilage bacteria isolated from fresh produce. Journal of food science, 79(10), pp.M2072-M2080.","OD_595","gompertz",0.999953447522311
"95",103,"Clavibacter.michiganensis..RDA.R.","TSB",35,"Bae, Y.M., Zheng, L., Hyun, J.E., Jung, K.S., Heu, S. and Lee, S.Y., 2014. Growth characteristics and biofilm formation of various spoilage bacteria isolated from fresh produce. Journal of food science, 79(10), pp.M2072-M2080.","OD_595","gompertz",0.999999999999992
"96",105,"Dickeya.zeae","TSB",15,"Bae, Y.M., Zheng, L., Hyun, J.E., Jung, K.S., Heu, S. and Lee, S.Y., 2014. Growth characteristics and biofilm formation of various spoilage bacteria isolated from fresh produce. Journal of food science, 79(10), pp.M2072-M2080.","OD_595","gompertz",0.999951228465672
"97",106,"Dickeya.zeae","TSB",25,"Bae, Y.M., Zheng, L., Hyun, J.E., Jung, K.S., Heu, S. and Lee, S.Y., 2014. Growth characteristics and biofilm formation of various spoilage bacteria isolated from fresh produce. Journal of food science, 79(10), pp.M2072-M2080.","OD_595","gompertz",0.999999994663681
"98",107,"Dickeya.zeae","TSB",35,"Bae, Y.M., Zheng, L., Hyun, J.E., Jung, K.S., Heu, S. and Lee, S.Y., 2014. Growth characteristics and biofilm formation of various spoilage bacteria isolated from fresh produce. Journal of food science, 79(10), pp.M2072-M2080.","OD_595","gompertz",0.999999999348612
"99",109,"Dickeya.zeae..RDA.R.","TSB",15,"Bae, Y.M., Zheng, L., Hyun, J.E., Jung, K.S., Heu, S. and Lee, S.Y., 2014. Growth characteristics and biofilm formation of various spoilage bacteria isolated from fresh produce. Journal of food science, 79(10), pp.M2072-M2080.","OD_595","gompertz",0.999970989663071
"100",110,"Dickeya.zeae..RDA.R.","TSB",25,"Bae, Y.M., Zheng, L., Hyun, J.E., Jung, K.S., Heu, S. and Lee, S.Y., 2014. Growth characteristics and biofilm formation of various spoilage bacteria isolated from fresh produce. Journal of food science, 79(10), pp.M2072-M2080.","OD_595","gompertz",0.999999999999978
"101",111,"Dickeya.zeae..RDA.R.","TSB",35,"Bae, Y.M., Zheng, L., Hyun, J.E., Jung, K.S., Heu, S. and Lee, S.Y., 2014. Growth characteristics and biofilm formation of various spoilage bacteria isolated from fresh produce. Journal of food science, 79(10), pp.M2072-M2080.","OD_595","gompertz",0.999936111460337
"102",112,"Enterobacter.sp.","TSB",5,"Bae, Y.M., Zheng, L., Hyun, J.E., Jung, K.S., Heu, S. and Lee, S.Y., 2014. Growth characteristics and biofilm formation of various spoilage bacteria isolated from fresh produce. Journal of food science, 79(10), pp.M2072-M2080.","OD_595","gompertz",1
"103",113,"Enterobacter.sp.","TSB",15,"Bae, Y.M., Zheng, L., Hyun, J.E., Jung, K.S., Heu, S. and Lee, S.Y., 2014. Growth characteristics and biofilm formation of various spoilage bacteria isolated from fresh produce. Journal of food science, 79(10), pp.M2072-M2080.","OD_595","gompertz",1
"104",114,"Enterobacter.sp.","TSB",25,"Bae, Y.M., Zheng, L., Hyun, J.E., Jung, K.S., Heu, S. and Lee, S.Y., 2014. Growth characteristics and biofilm formation of various spoilage bacteria isolated from fresh produce. Journal of food science, 79(10), pp.M2072-M2080.","OD_595","gompertz",0.993608474438819
"105",115,"Enterobacter.sp.","TSB",35,"Bae, Y.M., Zheng, L., Hyun, J.E., Jung, K.S., Heu, S. and Lee, S.Y., 2014. Growth characteristics and biofilm formation of various spoilage bacteria isolated from fresh produce. Journal of food science, 79(10), pp.M2072-M2080.","OD_595","gompertz",1
"106",116,"Escherichia coli","C02 Beef Striploins",10,"Gill, C.O. and DeLacy, K.M., 1991. Growth of Escherichia coli and Salmonella typhimurium on high-pH beef packed under vacuum or carbon dioxide. International journal of food microbiology, 13(1), pp.21-30.","N","quadratic",0.909721413083304
"107",117,"Escherichia coli","C02 Beef Striploins",12,"Gill, C.O. and DeLacy, K.M., 1991. Growth of Escherichia coli and Salmonella typhimurium on high-pH beef packed under vacuum or carbon dioxide. International journal of food microbiology, 13(1), pp.21-30.","N","quadratic",0.959921169347023
"108",118,"Escherichia coli","C02 Beef Striploins",15,"Gill, C.O. and DeLacy, K.M., 1991. Growth of Escherichia coli and Salmonella typhimurium on high-pH beef packed under vacuum or carbon dioxide. International journal of food microbiology, 13(1), pp.21-30.","N","linear",0.95099321574881
"109",120,"Escherichia coli","C02 Beef Striploins",30,"Gill, C.O. and DeLacy, K.M., 1991. Growth of Escherichia coli and Salmonella typhimurium on high-pH beef packed under vacuum or carbon dioxide. International journal of food microbiology, 13(1), pp.21-30.","N","gompertz",0.763132295467099
"110",123,"Escherichia coli","Vacuum Beef Striploins",12,"Gill, C.O. and DeLacy, K.M., 1991. Growth of Escherichia coli and Salmonella typhimurium on high-pH beef packed under vacuum or carbon dioxide. International journal of food microbiology, 13(1), pp.21-30.","N","linear",0.72720292912775
"111",127,"Klebsiella.pneumonia","TSB",5,"Bae, Y.M., Zheng, L., Hyun, J.E., Jung, K.S., Heu, S. and Lee, S.Y., 2014. Growth characteristics and biofilm formation of various spoilage bacteria isolated from fresh produce. Journal of food science, 79(10), pp.M2072-M2080.","OD_595","gompertz",0.999999999990108
"112",128,"Klebsiella.pneumonia","TSB",15,"Bae, Y.M., Zheng, L., Hyun, J.E., Jung, K.S., Heu, S. and Lee, S.Y., 2014. Growth characteristics and biofilm formation of various spoilage bacteria isolated from fresh produce. Journal of food science, 79(10), pp.M2072-M2080.","OD_595","gompertz",1
"113",129,"Klebsiella.pneumonia","TSB",25,"Bae, Y.M., Zheng, L., Hyun, J.E., Jung, K.S., Heu, S. and Lee, S.Y., 2014. Growth characteristics and biofilm formation of various spoilage bacteria isolated from fresh produce. Journal of food science, 79(10), pp.M2072-M2080.","OD_595","gompertz",1
"114",130,"Klebsiella.pneumonia","TSB",35,"Bae, Y.M., Zheng, L., Hyun, J.E., Jung, K.S., Heu, S. and Lee, S.Y., 2014. Growth characteristics and biofilm formation of various spoilage bacteria isolated from fresh produce. Journal of food science, 79(10), pp.M2072-M2080.","OD_595","gompertz",1
"115",131,"Klebsiella.pneumonia..RDA.R.","TSB",5,"Bae, Y.M., Zheng, L., Hyun, J.E., Jung, K.S., Heu, S. and Lee, S.Y., 2014. Growth characteristics and biofilm formation of various spoilage bacteria isolated from fresh produce. Journal of food science, 79(10), pp.M2072-M2080.","OD_595","quadratic",0.650211166287404
"116",132,"Klebsiella.pneumonia..RDA.R.","TSB",15,"Bae, Y.M., Zheng, L., Hyun, J.E., Jung, K.S., Heu, S. and Lee, S.Y., 2014. Growth characteristics and biofilm formation of various spoilage bacteria isolated from fresh produce. Journal of food science, 79(10), pp.M2072-M2080.","OD_595","gompertz",0.999999999995176
"117",133,"Klebsiella.pneumonia..RDA.R.","TSB",25,"Bae, Y.M., Zheng, L., Hyun, J.E., Jung, K.S., Heu, S. and Lee, S.Y., 2014. Growth characteristics and biofilm formation of various spoilage bacteria isolated from fresh produce. Journal of food science, 79(10), pp.M2072-M2080.","OD_595","gompertz",1
"118",134,"Klebsiella.pneumonia..RDA.R.","TSB",35,"Bae, Y.M., Zheng, L., Hyun, J.E., Jung, K.S., Heu, S. and Lee, S.Y., 2014. Growth characteristics and biofilm formation of various spoilage bacteria isolated from fresh produce. Journal of food science, 79(10), pp.M2072-M2080.","OD_595","gompertz",1
"119",135,"Lactobacillus plantarum","MRS broth",8,"Silva, A.P.R.D., Longhi, D.A., Dalcanton, F. and Aragão, G.M.F.D., 2018. Modelling the growth of lactic acid bacteria at different temperatures. Brazilian Archives of Biology and Technology, 61.","N","gompertz",0.895505440261498
"120",136,"Lactobacillus plantarum","MRS broth",12,"Silva, A.P.R.D., Longhi, D.A., Dalcanton, F. and Aragão, G.M.F.D., 2018. Modelling the growth of lactic acid bacteria at different temperatures. Brazilian Archives of Biology and Technology, 61.","N","cubic",0.987136922647681
"121",137,"Lactobacillus plantarum","MRS broth",16,"Silva, A.P.R.D., Longhi, D.A., Dalcanton, F. and Aragão, G.M.F.D., 2018. Modelling the growth of lactic acid bacteria at different temperatures. Brazilian Archives of Biology and Technology, 61.","N","cubic",0.960547358865807
"122",138,"Lactobacillus plantarum","MRS broth",20,"Silva, A.P.R.D., Longhi, D.A., Dalcanton, F. and Aragão, G.M.F.D., 2018. Modelling the growth of lactic acid bacteria at different temperatures. Brazilian Archives of Biology and Technology, 61.","N","cubic",0.817645921273027
"123",139,"Lactobacillus plantarum","MRS broth",30,"Silva, A.P.R.D., Longhi, D.A., Dalcanton, F. and Aragão, G.M.F.D., 2018. Modelling the growth of lactic acid bacteria at different temperatures. Brazilian Archives of Biology and Technology, 61.","N","cubic",0.824444132275431
"124",140,"Lactobacillus sakei","MRS broth",4,"Silva, A.P.R.D., Longhi, D.A., Dalcanton, F. and Aragão, G.M.F.D., 2018. Modelling the growth of lactic acid bacteria at different temperatures. Brazilian Archives of Biology and Technology, 61.","N","gompertz",0.698369969492357
"125",141,"Lactobacillus sakei","MRS broth",8,"Silva, A.P.R.D., Longhi, D.A., Dalcanton, F. and Aragão, G.M.F.D., 2018. Modelling the growth of lactic acid bacteria at different temperatures. Brazilian Archives of Biology and Technology, 61.","N","gompertz",0.994169956112333
"126",142,"Lactobacillus sakei","MRS broth",12,"Silva, A.P.R.D., Longhi, D.A., Dalcanton, F. and Aragão, G.M.F.D., 2018. Modelling the growth of lactic acid bacteria at different temperatures. Brazilian Archives of Biology and Technology, 61.","N","gompertz",0.49783172987891
"127",143,"Lactobacillus sakei","MRS broth",16,"Silva, A.P.R.D., Longhi, D.A., Dalcanton, F. and Aragão, G.M.F.D., 2018. Modelling the growth of lactic acid bacteria at different temperatures. Brazilian Archives of Biology and Technology, 61.","N","gompertz",0.999820736406403
"128",144,"Lactobacillus sakei","MRS broth",20,"Silva, A.P.R.D., Longhi, D.A., Dalcanton, F. and Aragão, G.M.F.D., 2018. Modelling the growth of lactic acid bacteria at different temperatures. Brazilian Archives of Biology and Technology, 61.","N","gompertz",0.521242335207295
"129",145,"Lactobacillus sakei","MRS broth",30,"Silva, A.P.R.D., Longhi, D.A., Dalcanton, F. and Aragão, G.M.F.D., 2018. Modelling the growth of lactic acid bacteria at different temperatures. Brazilian Archives of Biology and Technology, 61.","N","quadratic",0.704865364579805
"130",146,"Lactobaciulus plantarum","MRS",10,"Zwietering, M.H., De Wit, J.C., Cuppers, H.G.A.M. and Van't Riet, K., 1994. Modeling of bacterial growth with shifts in temperature. Appl. Environ. Microbiol., 60(1), pp.204-213.","N","gompertz",0.998790126740661
"131",147,"Lactobaciulus plantarum","MRS",15,"Zwietering, M.H., De Wit, J.C., Cuppers, H.G.A.M. and Van't Riet, K., 1994. Modeling of bacterial growth with shifts in temperature. Appl. Environ. Microbiol., 60(1), pp.204-213.","N","gompertz",0.999999998548906
"132",148,"Lactobaciulus plantarum","MRS",20,"Zwietering, M.H., De Wit, J.C., Cuppers, H.G.A.M. and Van't Riet, K., 1994. Modeling of bacterial growth with shifts in temperature. Appl. Environ. Microbiol., 60(1), pp.204-213.","N","gompertz",0.999999999999839
"133",149,"Lactobaciulus plantarum","MRS",25,"Zwietering, M.H., De Wit, J.C., Cuppers, H.G.A.M. and Van't Riet, K., 1994. Modeling of bacterial growth with shifts in temperature. Appl. Environ. Microbiol., 60(1), pp.204-213.","N","gompertz",1
"134",150,"Oscillatoria agardhii Strain 97","Z8",15,"Sivonen, K., 1990. Effects of light, temperature, nitrate, orthophosphate, and bacteria on growth of and hepatotoxin production by Oscillatoria agardhii strains. Appl. Environ. Microbiol., 56(9), pp.2658-2666.","DryWeight","linear",0.755003358447668
"135",151,"Oscillatoria agardhii Strain 97","Z8",20,"Sivonen, K., 1990. Effects of light, temperature, nitrate, orthophosphate, and bacteria on growth of and hepatotoxin production by Oscillatoria agardhii strains. Appl. Environ. Microbiol., 56(9), pp.2658-2666.","DryWeight","linear",0.537561903548248
"136",154,"Oscillatoria agardhii StrainCYA 128","Z8",15,"Sivonen, K., 1990. Effects of light, temperature, nitrate, orthophosphate, and bacteria on growth of and hepatotoxin production by Oscillatoria agardhii strains. Appl. Environ. Microbiol., 56(9), pp.2658-2666.","DryWeight","linear",0.921325091249414
"137",155,"Oscillatoria agardhii StrainCYA 128","Z8",20,"Sivonen, K., 1990. Effects of light, temperature, nitrate, orthophosphate, and bacteria on growth of and hepatotoxin production by Oscillatoria agardhii strains. Appl. Environ. Microbiol., 56(9), pp.2658-2666.","DryWeight","linear",0.930702785760527
"138",156,"Oscillatoria agardhii StrainCYA 128","Z8",25,"Sivonen, K., 1990. Effects of light, temperature, nitrate, orthophosphate, and bacteria on growth of and hepatotoxin production by Oscillatoria agardhii strains. Appl. Environ. Microbiol., 56(9), pp.2658-2666.","DryWeight","linear",0.510300870174167
"139",157,"Oscillatoria agardhii StrainCYA 128","Z8",30,"Sivonen, K., 1990. Effects of light, temperature, nitrate, orthophosphate, and bacteria on growth of and hepatotoxin production by Oscillatoria agardhii strains. Appl. Environ. Microbiol., 56(9), pp.2658-2666.","DryWeight","quadratic",0.70978376691378
"140",158,"Pantoea.agglomerans..RDA.R.","TSB",5,"Bae, Y.M., Zheng, L., Hyun, J.E., Jung, K.S., Heu, S. and Lee, S.Y., 2014. Growth characteristics and biofilm formation of various spoilage bacteria isolated from fresh produce. Journal of food science, 79(10), pp.M2072-M2080.","OD_595","gompertz",1
"141",159,"Pantoea.agglomerans..RDA.R.","TSB",15,"Bae, Y.M., Zheng, L., Hyun, J.E., Jung, K.S., Heu, S. and Lee, S.Y., 2014. Growth characteristics and biofilm formation of various spoilage bacteria isolated from fresh produce. Journal of food science, 79(10), pp.M2072-M2080.","OD_595","gompertz",0.999999970318458
"142",160,"Pantoea.agglomerans..RDA.R.","TSB",25,"Bae, Y.M., Zheng, L., Hyun, J.E., Jung, K.S., Heu, S. and Lee, S.Y., 2014. Growth characteristics and biofilm formation of various spoilage bacteria isolated from fresh produce. Journal of food science, 79(10), pp.M2072-M2080.","OD_595","gompertz",0.999999968311846
"143",161,"Pantoea.agglomerans..RDA.R.","TSB",35,"Bae, Y.M., Zheng, L., Hyun, J.E., Jung, K.S., Heu, S. and Lee, S.Y., 2014. Growth characteristics and biofilm formation of various spoilage bacteria isolated from fresh produce. Journal of food science, 79(10), pp.M2072-M2080.","OD_595","gompertz",0.99999999914511
"144",162,"Pantoea.agglomerans.1","TSB",5,"Bae, Y.M., Zheng, L., Hyun, J.E., Jung, K.S., Heu, S. and Lee, S.Y., 2014. Growth characteristics and biofilm formation of various spoilage bacteria isolated from fresh produce. Journal of food science, 79(10), pp.M2072-M2080.","OD_595","gompertz",1
"145",163,"Pantoea.agglomerans.1","TSB",15,"Bae, Y.M., Zheng, L., Hyun, J.E., Jung, K.S., Heu, S. and Lee, S.Y., 2014. Growth characteristics and biofilm formation of various spoilage bacteria isolated from fresh produce. Journal of food science, 79(10), pp.M2072-M2080.","OD_595","gompertz",0.999895328294472
"146",164,"Pantoea.agglomerans.1","TSB",25,"Bae, Y.M., Zheng, L., Hyun, J.E., Jung, K.S., Heu, S. and Lee, S.Y., 2014. Growth characteristics and biofilm formation of various spoilage bacteria isolated from fresh produce. Journal of food science, 79(10), pp.M2072-M2080.","OD_595","cubic",0.543594079066206
"147",165,"Pantoea.agglomerans.1","TSB",35,"Bae, Y.M., Zheng, L., Hyun, J.E., Jung, K.S., Heu, S. and Lee, S.Y., 2014. Growth characteristics and biofilm formation of various spoilage bacteria isolated from fresh produce. Journal of food science, 79(10), pp.M2072-M2080.","OD_595","gompertz",0.999999997002582
"148",166,"Pantoea.agglomerans.2","TSB",5,"Bae, Y.M., Zheng, L., Hyun, J.E., Jung, K.S., Heu, S. and Lee, S.Y., 2014. Growth characteristics and biofilm formation of various spoilage bacteria isolated from fresh produce. Journal of food science, 79(10), pp.M2072-M2080.","OD_595","gompertz",0.657492027614905
"149",167,"Pantoea.agglomerans.2","TSB",15,"Bae, Y.M., Zheng, L., Hyun, J.E., Jung, K.S., Heu, S. and Lee, S.Y., 2014. Growth characteristics and biofilm formation of various spoilage bacteria isolated from fresh produce. Journal of food science, 79(10), pp.M2072-M2080.","OD_595","gompertz",0.998986224682794
"150",168,"Pantoea.agglomerans.2","TSB",25,"Bae, Y.M., Zheng, L., Hyun, J.E., Jung, K.S., Heu, S. and Lee, S.Y., 2014. Growth characteristics and biofilm formation of various spoilage bacteria isolated from fresh produce. Journal of food science, 79(10), pp.M2072-M2080.","OD_595","gompertz",0.757171067137761
"151",169,"Pantoea.agglomerans.2","TSB",35,"Bae, Y.M., Zheng, L., Hyun, J.E., Jung, K.S., Heu, S. and Lee, S.Y., 2014. Growth characteristics and biofilm formation of various spoilage bacteria isolated from fresh produce. Journal of food science, 79(10), pp.M2072-M2080.","OD_595","gompertz",0.999999102420388
"152",170,"Pectobacterium.carotovorum.subsp..Carotovorum.Pcc2","TSB",5,"Bae, Y.M., Zheng, L., Hyun, J.E., Jung, K.S., Heu, S. and Lee, S.Y., 2014. Growth characteristics and biofilm formation of various spoilage bacteria isolated from fresh produce. Journal of food science, 79(10), pp.M2072-M2080.","OD_595","gompertz",0.99879768301067
"153",171,"Pectobacterium.carotovorum.subsp..Carotovorum.Pcc2","TSB",15,"Bae, Y.M., Zheng, L., Hyun, J.E., Jung, K.S., Heu, S. and Lee, S.Y., 2014. Growth characteristics and biofilm formation of various spoilage bacteria isolated from fresh produce. Journal of food science, 79(10), pp.M2072-M2080.","OD_595","gompertz",1
"154",172,"Pectobacterium.carotovorum.subsp..Carotovorum.Pcc2","TSB",25,"Bae, Y.M., Zheng, L., Hyun, J.E., Jung, K.S., Heu, S. and Lee, S.Y., 2014. Growth characteristics and biofilm formation of various spoilage bacteria isolated from fresh produce. Journal of food science, 79(10), pp.M2072-M2080.","OD_595","gompertz",0.99999999999996
"155",173,"Pectobacterium.carotovorum.subsp..Carotovorum.Pcc2","TSB",35,"Bae, Y.M., Zheng, L., Hyun, J.E., Jung, K.S., Heu, S. and Lee, S.Y., 2014. Growth characteristics and biofilm formation of various spoilage bacteria isolated from fresh produce. Journal of food science, 79(10), pp.M2072-M2080.","OD_595","cubic",0.730060494736566
"156",178,"Pseudomonas sp.","APT Broth",12,"Stannard, C.J., Williams, A.P. and Gibbs, P.A., 1985. Temperature/growth relationships for psychrotrophic food-spoilage bacteria. Food Microbiology, 2(2), pp.115-122.","CFU","quadratic",0.876821975413174
"157",179,"Pseudomonas sp.","APT Broth",15,"Stannard, C.J., Williams, A.P. and Gibbs, P.A., 1985. Temperature/growth relationships for psychrotrophic food-spoilage bacteria. Food Microbiology, 2(2), pp.115-122.","CFU","quadratic",0.738007483971335
"158",180,"Pseudomonas spp.","Cooked Chicken Breast",2,"Galarz, L.A., Fonseca, G.G. and Prentice, C., 2016. Predicting bacterial growth in raw, salted, and cooked chicken breast fillets during storage. Food Science and Technology International, 22(6), pp.461-474.","CFU","gompertz",0.942624819466101
"159",182,"Pseudomonas spp.","Cooked Chicken Breast",7,"Galarz, L.A., Fonseca, G.G. and Prentice, C., 2016. Predicting bacterial growth in raw, salted, and cooked chicken breast fillets during storage. Food Science and Technology International, 22(6), pp.461-474.","CFU","gompertz",0.99999973319166
"160",183,"Pseudomonas spp.","Cooked Chicken Breast",10,"Galarz, L.A., Fonseca, G.G. and Prentice, C., 2016. Predicting bacterial growth in raw, salted, and cooked chicken breast fillets during storage. Food Science and Technology International, 22(6), pp.461-474.","CFU","quadratic",0.800555455840399
"161",184,"Pseudomonas spp.","Cooked Chicken Breast",15,"Galarz, L.A., Fonseca, G.G. and Prentice, C., 2016. Predicting bacterial growth in raw, salted, and cooked chicken breast fillets during storage. Food Science and Technology International, 22(6), pp.461-474.","CFU","gompertz",0.792916254035396
"162",185,"Pseudomonas spp.","Cooked Chicken Breast",20,"Galarz, L.A., Fonseca, G.G. and Prentice, C., 2016. Predicting bacterial growth in raw, salted, and cooked chicken breast fillets during storage. Food Science and Technology International, 22(6), pp.461-474.","CFU","gompertz",0.596311537652609
"163",186,"Pseudomonas spp.","Raw Chicken Breast",2,"Galarz, L.A., Fonseca, G.G. and Prentice, C., 2016. Predicting bacterial growth in raw, salted, and cooked chicken breast fillets during storage. Food Science and Technology International, 22(6), pp.461-474.","CFU","gompertz",0.998992052279257
"164",187,"Pseudomonas spp.","Raw Chicken Breast",4,"Galarz, L.A., Fonseca, G.G. and Prentice, C., 2016. Predicting bacterial growth in raw, salted, and cooked chicken breast fillets during storage. Food Science and Technology International, 22(6), pp.461-474.","CFU","quadratic",0.82491213392222
"165",188,"Pseudomonas spp.","Raw Chicken Breast",7,"Galarz, L.A., Fonseca, G.G. and Prentice, C., 2016. Predicting bacterial growth in raw, salted, and cooked chicken breast fillets during storage. Food Science and Technology International, 22(6), pp.461-474.","CFU","cubic",0.536268502760657
"166",189,"Pseudomonas spp.","Raw Chicken Breast",10,"Galarz, L.A., Fonseca, G.G. and Prentice, C., 2016. Predicting bacterial growth in raw, salted, and cooked chicken breast fillets during storage. Food Science and Technology International, 22(6), pp.461-474.","CFU","gompertz",0.999771088424423
"167",190,"Pseudomonas spp.","Raw Chicken Breast",15,"Galarz, L.A., Fonseca, G.G. and Prentice, C., 2016. Predicting bacterial growth in raw, salted, and cooked chicken breast fillets during storage. Food Science and Technology International, 22(6), pp.461-474.","CFU","cubic",0.406963043215374
"168",191,"Pseudomonas spp.","Raw Chicken Breast",20,"Galarz, L.A., Fonseca, G.G. and Prentice, C., 2016. Predicting bacterial growth in raw, salted, and cooked chicken breast fillets during storage. Food Science and Technology International, 22(6), pp.461-474.","CFU","gompertz",0.929759074267133
"169",192,"Pseudomonas spp.","Salted Chicken Breast",2,"Galarz, L.A., Fonseca, G.G. and Prentice, C., 2016. Predicting bacterial growth in raw, salted, and cooked chicken breast fillets during storage. Food Science and Technology International, 22(6), pp.461-474.","CFU","gompertz",0.999999974144346
"170",193,"Pseudomonas spp.","Salted Chicken Breast",4,"Galarz, L.A., Fonseca, G.G. and Prentice, C., 2016. Predicting bacterial growth in raw, salted, and cooked chicken breast fillets during storage. Food Science and Technology International, 22(6), pp.461-474.","CFU","gompertz",0.735893719342511
"171",194,"Pseudomonas spp.","Salted Chicken Breast",7,"Galarz, L.A., Fonseca, G.G. and Prentice, C., 2016. Predicting bacterial growth in raw, salted, and cooked chicken breast fillets during storage. Food Science and Technology International, 22(6), pp.461-474.","CFU","gompertz",0.981981448690735
"172",195,"Pseudomonas spp.","Salted Chicken Breast",10,"Galarz, L.A., Fonseca, G.G. and Prentice, C., 2016. Predicting bacterial growth in raw, salted, and cooked chicken breast fillets during storage. Food Science and Technology International, 22(6), pp.461-474.","CFU","gompertz",0.999974865588896
"173",196,"Pseudomonas spp.","Salted Chicken Breast",15,"Galarz, L.A., Fonseca, G.G. and Prentice, C., 2016. Predicting bacterial growth in raw, salted, and cooked chicken breast fillets during storage. Food Science and Technology International, 22(6), pp.461-474.","CFU","gompertz",0.591070556436902
"174",197,"Pseudomonas spp.","Salted Chicken Breast",20,"Galarz, L.A., Fonseca, G.G. and Prentice, C., 2016. Predicting bacterial growth in raw, salted, and cooked chicken breast fillets during storage. Food Science and Technology International, 22(6), pp.461-474.","CFU","cubic",0.690567907655653
"175",198,"Pseudomonas.fluorescens.1","TSB",5,"Bae, Y.M., Zheng, L., Hyun, J.E., Jung, K.S., Heu, S. and Lee, S.Y., 2014. Growth characteristics and biofilm formation of various spoilage bacteria isolated from fresh produce. Journal of food science, 79(10), pp.M2072-M2080.","OD_595","gompertz",0.999857381234925
"176",199,"Pseudomonas.fluorescens.1","TSB",15,"Bae, Y.M., Zheng, L., Hyun, J.E., Jung, K.S., Heu, S. and Lee, S.Y., 2014. Growth characteristics and biofilm formation of various spoilage bacteria isolated from fresh produce. Journal of food science, 79(10), pp.M2072-M2080.","OD_595","gompertz",0.99998858979385
"177",200,"Pseudomonas.fluorescens.1","TSB",25,"Bae, Y.M., Zheng, L., Hyun, J.E., Jung, K.S., Heu, S. and Lee, S.Y., 2014. Growth characteristics and biofilm formation of various spoilage bacteria isolated from fresh produce. Journal of food science, 79(10), pp.M2072-M2080.","OD_595","gompertz",0.996236326707991
"178",201,"Pseudomonas.fluorescens.1","TSB",35,"Bae, Y.M., Zheng, L., Hyun, J.E., Jung, K.S., Heu, S. and Lee, S.Y., 2014. Growth characteristics and biofilm formation of various spoilage bacteria isolated from fresh produce. Journal of food science, 79(10), pp.M2072-M2080.","OD_595","gompertz",0.99999999995839
"179",202,"Pseudomonas.fluorescens.2","TSB",5,"Bae, Y.M., Zheng, L., Hyun, J.E., Jung, K.S., Heu, S. and Lee, S.Y., 2014. Growth characteristics and biofilm formation of various spoilage bacteria isolated from fresh produce. Journal of food science, 79(10), pp.M2072-M2080.","OD_595","gompertz",0.832284556211025
"180",203,"Pseudomonas.fluorescens.2","TSB",15,"Bae, Y.M., Zheng, L., Hyun, J.E., Jung, K.S., Heu, S. and Lee, S.Y., 2014. Growth characteristics and biofilm formation of various spoilage bacteria isolated from fresh produce. Journal of food science, 79(10), pp.M2072-M2080.","OD_595","gompertz",0.999999999993548
"181",204,"Pseudomonas.fluorescens.2","TSB",25,"Bae, Y.M., Zheng, L., Hyun, J.E., Jung, K.S., Heu, S. and Lee, S.Y., 2014. Growth characteristics and biofilm formation of various spoilage bacteria isolated from fresh produce. Journal of food science, 79(10), pp.M2072-M2080.","OD_595","gompertz",0.999998545157172
"182",205,"Pseudomonas.fluorescens.2","TSB",35,"Bae, Y.M., Zheng, L., Hyun, J.E., Jung, K.S., Heu, S. and Lee, S.Y., 2014. Growth characteristics and biofilm formation of various spoilage bacteria isolated from fresh produce. Journal of food science, 79(10), pp.M2072-M2080.","OD_595","gompertz",0.999999213526592
"183",206,"Salmonella Typhimurium","C02 Beef Striploins",12,"Gill, C.O. and DeLacy, K.M., 1991. Growth of Escherichia coli and Salmonella typhimurium on high-pH beef packed under vacuum or carbon dioxide. International journal of food microbiology, 13(1), pp.21-30.","N","linear",0.783992117996573
"184",207,"Salmonella Typhimurium","C02 Beef Striploins",15,"Gill, C.O. and DeLacy, K.M., 1991. Growth of Escherichia coli and Salmonella typhimurium on high-pH beef packed under vacuum or carbon dioxide. International journal of food microbiology, 13(1), pp.21-30.","N","linear",0.964464052613402
"185",209,"Salmonella Typhimurium","C02 Beef Striploins",30,"Gill, C.O. and DeLacy, K.M., 1991. Growth of Escherichia coli and Salmonella typhimurium on high-pH beef packed under vacuum or carbon dioxide. International journal of food microbiology, 13(1), pp.21-30.","N","quadratic",0.996074888575478
"186",210,"Salmonella Typhimurium","Vacuum Beef Striploins",8,"Gill, C.O. and DeLacy, K.M., 1991. Growth of Escherichia coli and Salmonella typhimurium on high-pH beef packed under vacuum or carbon dioxide. International journal of food microbiology, 13(1), pp.21-30.","N","cubic",0.955894811959151
"187",219,"Serratia marcescens","Pasteurised Full-fat Milk",6,"Phillips, J.D. and Griffiths, M.W., 1987. The relation between temperature and growth of bacteria in dairy products. Food Microbiology, 4(2), pp.173-185.","N","linear",0.862800281066987
"188",225,"Serratia marcescens","UHT Double Cream",6,"Phillips, J.D. and Griffiths, M.W., 1987. The relation between temperature and growth of bacteria in dairy products. Food Microbiology, 4(2), pp.173-185.","N","cubic",0.961656615967406
"189",228,"Serratia marcescens","UHT Full-fat Milk",6,"Phillips, J.D. and Griffiths, M.W., 1987. The relation between temperature and growth of bacteria in dairy products. Food Microbiology, 4(2), pp.173-185.","N","quadratic",0.614682394840583
"190",231,"Serratia marcescens","UHT Skim Milk",6,"Phillips, J.D. and Griffiths, M.W., 1987. The relation between temperature and growth of bacteria in dairy products. Food Microbiology, 4(2), pp.173-185.","N","gompertz",0.469243692961943
"191",234,"Spoilage","C02 Beef Striploins",10,"Gill, C.O. and DeLacy, K.M., 1991. Growth of Escherichia coli and Salmonella typhimurium on high-pH beef packed under vacuum or carbon dioxide. International journal of food microbiology, 13(1), pp.21-30.","N","gompertz",0.965653782181227
"192",235,"Spoilage","C02 Beef Striploins",12,"Gill, C.O. and DeLacy, K.M., 1991. Growth of Escherichia coli and Salmonella typhimurium on high-pH beef packed under vacuum or carbon dioxide. International journal of food microbiology, 13(1), pp.21-30.","N","gompertz",0.778868363800691
"193",236,"Spoilage","C02 Beef Striploins",15,"Gill, C.O. and DeLacy, K.M., 1991. Growth of Escherichia coli and Salmonella typhimurium on high-pH beef packed under vacuum or carbon dioxide. International journal of food microbiology, 13(1), pp.21-30.","N","linear",0.543962679842703
"194",238,"Spoilage","C02 Beef Striploins",30,"Gill, C.O. and DeLacy, K.M., 1991. Growth of Escherichia coli and Salmonella typhimurium on high-pH beef packed under vacuum or carbon dioxide. International journal of food microbiology, 13(1), pp.21-30.","N","quadratic",0.7474078674529
"195",239,"Spoilage","Vacuum Beef Striploins",8,"Gill, C.O. and DeLacy, K.M., 1991. Growth of Escherichia coli and Salmonella typhimurium on high-pH beef packed under vacuum or carbon dioxide. International journal of food microbiology, 13(1), pp.21-30.","N","linear",0.897416490785402
"196",241,"Spoilage","Vacuum Beef Striploins",12,"Gill, C.O. and DeLacy, K.M., 1991. Growth of Escherichia coli and Salmonella typhimurium on high-pH beef packed under vacuum or carbon dioxide. International journal of food microbiology, 13(1), pp.21-30.","N","linear",0.947001075789318
"197",245,"Staphylococcus spp.","Cooked Chicken Breast",2,"Galarz, L.A., Fonseca, G.G. and Prentice, C., 2016. Predicting bacterial growth in raw, salted, and cooked chicken breast fillets during storage. Food Science and Technology International, 22(6), pp.461-474.","CFU","gompertz",0.999960007976409
"198",246,"Staphylococcus spp.","Cooked Chicken Breast",4,"Galarz, L.A., Fonseca, G.G. and Prentice, C., 2016. Predicting bacterial growth in raw, salted, and cooked chicken breast fillets during storage. Food Science and Technology International, 22(6), pp.461-474.","CFU","gompertz",0.671562102829152
"199",247,"Staphylococcus spp.","Cooked Chicken Breast",7,"Galarz, L.A., Fonseca, G.G. and Prentice, C., 2016. Predicting bacterial growth in raw, salted, and cooked chicken breast fillets during storage. Food Science and Technology International, 22(6), pp.461-474.","CFU","gompertz",0.981171617459942
"200",248,"Staphylococcus spp.","Cooked Chicken Breast",10,"Galarz, L.A., Fonseca, G.G. and Prentice, C., 2016. Predicting bacterial growth in raw, salted, and cooked chicken breast fillets during storage. Food Science and Technology International, 22(6), pp.461-474.","CFU","quadratic",0.789076645709181
"201",249,"Staphylococcus spp.","Cooked Chicken Breast",15,"Galarz, L.A., Fonseca, G.G. and Prentice, C., 2016. Predicting bacterial growth in raw, salted, and cooked chicken breast fillets during storage. Food Science and Technology International, 22(6), pp.461-474.","CFU","quadratic",0.786662948194982
"202",250,"Staphylococcus spp.","Cooked Chicken Breast",20,"Galarz, L.A., Fonseca, G.G. and Prentice, C., 2016. Predicting bacterial growth in raw, salted, and cooked chicken breast fillets during storage. Food Science and Technology International, 22(6), pp.461-474.","CFU","linear",0.580643718652053
"203",251,"Staphylococcus spp.","Raw Chicken Breast",2,"Galarz, L.A., Fonseca, G.G. and Prentice, C., 2016. Predicting bacterial growth in raw, salted, and cooked chicken breast fillets during storage. Food Science and Technology International, 22(6), pp.461-474.","CFU","gompertz",0.662581321874292
"204",252,"Staphylococcus spp.","Raw Chicken Breast",4,"Galarz, L.A., Fonseca, G.G. and Prentice, C., 2016. Predicting bacterial growth in raw, salted, and cooked chicken breast fillets during storage. Food Science and Technology International, 22(6), pp.461-474.","CFU","gompertz",0.82404263813061
"205",253,"Staphylococcus spp.","Raw Chicken Breast",7,"Galarz, L.A., Fonseca, G.G. and Prentice, C., 2016. Predicting bacterial growth in raw, salted, and cooked chicken breast fillets during storage. Food Science and Technology International, 22(6), pp.461-474.","CFU","gompertz",0.995612817646517
"206",254,"Staphylococcus spp.","Raw Chicken Breast",10,"Galarz, L.A., Fonseca, G.G. and Prentice, C., 2016. Predicting bacterial growth in raw, salted, and cooked chicken breast fillets during storage. Food Science and Technology International, 22(6), pp.461-474.","CFU","gompertz",0.999214590784866
"207",255,"Staphylococcus spp.","Raw Chicken Breast",15,"Galarz, L.A., Fonseca, G.G. and Prentice, C., 2016. Predicting bacterial growth in raw, salted, and cooked chicken breast fillets during storage. Food Science and Technology International, 22(6), pp.461-474.","CFU","gompertz",0.542777988099566
"208",256,"Staphylococcus spp.","Raw Chicken Breast",20,"Galarz, L.A., Fonseca, G.G. and Prentice, C., 2016. Predicting bacterial growth in raw, salted, and cooked chicken breast fillets during storage. Food Science and Technology International, 22(6), pp.461-474.","CFU","gompertz",0.798548706697402
"209",257,"Staphylococcus spp.","Salted Chicken Breast",2,"Galarz, L.A., Fonseca, G.G. and Prentice, C., 2016. Predicting bacterial growth in raw, salted, and cooked chicken breast fillets during storage. Food Science and Technology International, 22(6), pp.461-474.","CFU","gompertz",0.397436092651071
"210",259,"Staphylococcus spp.","Salted Chicken Breast",7,"Galarz, L.A., Fonseca, G.G. and Prentice, C., 2016. Predicting bacterial growth in raw, salted, and cooked chicken breast fillets during storage. Food Science and Technology International, 22(6), pp.461-474.","CFU","gompertz",0.978350504248046
"211",260,"Staphylococcus spp.","Salted Chicken Breast",10,"Galarz, L.A., Fonseca, G.G. and Prentice, C., 2016. Predicting bacterial growth in raw, salted, and cooked chicken breast fillets during storage. Food Science and Technology International, 22(6), pp.461-474.","CFU","cubic",0.703610622378833
"212",261,"Staphylococcus spp.","Salted Chicken Breast",15,"Galarz, L.A., Fonseca, G.G. and Prentice, C., 2016. Predicting bacterial growth in raw, salted, and cooked chicken breast fillets during storage. Food Science and Technology International, 22(6), pp.461-474.","CFU","gompertz",0.935715796358368
"213",262,"Staphylococcus spp.","Salted Chicken Breast",20,"Galarz, L.A., Fonseca, G.G. and Prentice, C., 2016. Predicting bacterial growth in raw, salted, and cooked chicken breast fillets during storage. Food Science and Technology International, 22(6), pp.461-474.","CFU","linear",0.857194870818054
"214",263,"Stenotrophomonas.maltophilia..RDA.R.","TSB",5,"Bae, Y.M., Zheng, L., Hyun, J.E., Jung, K.S., Heu, S. and Lee, S.Y., 2014. Growth characteristics and biofilm formation of various spoilage bacteria isolated from fresh produce. Journal of food science, 79(10), pp.M2072-M2080.","OD_595","cubic",0.544651924293792
"215",264,"Stenotrophomonas.maltophilia..RDA.R.","TSB",15,"Bae, Y.M., Zheng, L., Hyun, J.E., Jung, K.S., Heu, S. and Lee, S.Y., 2014. Growth characteristics and biofilm formation of various spoilage bacteria isolated from fresh produce. Journal of food science, 79(10), pp.M2072-M2080.","OD_595","gompertz",0.999999999975778
"216",265,"Stenotrophomonas.maltophilia..RDA.R.","TSB",25,"Bae, Y.M., Zheng, L., Hyun, J.E., Jung, K.S., Heu, S. and Lee, S.Y., 2014. Growth characteristics and biofilm formation of various spoilage bacteria isolated from fresh produce. Journal of food science, 79(10), pp.M2072-M2080.","OD_595","gompertz",0.999998851828197
"217",266,"Stenotrophomonas.maltophilia..RDA.R.","TSB",35,"Bae, Y.M., Zheng, L., Hyun, J.E., Jung, K.S., Heu, S. and Lee, S.Y., 2014. Growth characteristics and biofilm formation of various spoilage bacteria isolated from fresh produce. Journal of food science, 79(10), pp.M2072-M2080.","OD_595","gompertz",0.999998652086745
"218",267,"Stenotrophomonas.maltophilia.1","TSB",5,"Bae, Y.M., Zheng, L., Hyun, J.E., Jung, K.S., Heu, S. and Lee, S.Y., 2014. Growth characteristics and biofilm formation of various spoilage bacteria isolated from fresh produce. Journal of food science, 79(10), pp.M2072-M2080.","OD_595","gompertz",0.999999996338664
"219",268,"Stenotrophomonas.maltophilia.1","TSB",15,"Bae, Y.M., Zheng, L., Hyun, J.E., Jung, K.S., Heu, S. and Lee, S.Y., 2014. Growth characteristics and biofilm formation of various spoilage bacteria isolated from fresh produce. Journal of food science, 79(10), pp.M2072-M2080.","OD_595","gompertz",0.999984734376466
"220",269,"Stenotrophomonas.maltophilia.1","TSB",25,"Bae, Y.M., Zheng, L., Hyun, J.E., Jung, K.S., Heu, S. and Lee, S.Y., 2014. Growth characteristics and biofilm formation of various spoilage bacteria isolated from fresh produce. Journal of food science, 79(10), pp.M2072-M2080.","OD_595","gompertz",0.996663590733676
"221",270,"Stenotrophomonas.maltophilia.1","TSB",35,"Bae, Y.M., Zheng, L., Hyun, J.E., Jung, K.S., Heu, S. and Lee, S.Y., 2014. Growth characteristics and biofilm formation of various spoilage bacteria isolated from fresh produce. Journal of food science, 79(10), pp.M2072-M2080.","OD_595","gompertz",0.999999989323395
"222",271,"Stenotrophomonas.maltophilia.2","TSB",5,"Bae, Y.M., Zheng, L., Hyun, J.E., Jung, K.S., Heu, S. and Lee, S.Y., 2014. Growth characteristics and biofilm formation of various spoilage bacteria isolated from fresh produce. Journal of food science, 79(10), pp.M2072-M2080.","OD_595","gompertz",0.951142322548535
"223",272,"Stenotrophomonas.maltophilia.2","TSB",15,"Bae, Y.M., Zheng, L., Hyun, J.E., Jung, K.S., Heu, S. and Lee, S.Y., 2014. Growth characteristics and biofilm formation of various spoilage bacteria isolated from fresh produce. Journal of food science, 79(10), pp.M2072-M2080.","OD_595","gompertz",0.995358111587717
"224",273,"Stenotrophomonas.maltophilia.2","TSB",25,"Bae, Y.M., Zheng, L., Hyun, J.E., Jung, K.S., Heu, S. and Lee, S.Y., 2014. Growth characteristics and biofilm formation of various spoilage bacteria isolated from fresh produce. Journal of food science, 79(10), pp.M2072-M2080.","OD_595","gompertz",0.999999983327778
"225",274,"Stenotrophomonas.maltophilia.2","TSB",35,"Bae, Y.M., Zheng, L., Hyun, J.E., Jung, K.S., Heu, S. and Lee, S.Y., 2014. Growth characteristics and biofilm formation of various spoilage bacteria isolated from fresh produce. Journal of food science, 79(10), pp.M2072-M2080.","OD_595","gompertz",0.999999129787249
"226",275,"Tetraselmis tetrahele","ESAW",5,"Bernhardt, J.R., Sunday, J.M. and O’Connor, M.I., 2018. Metabolic theory and the temperature-size rule explain the temperature dependence of population carrying capacity. The American naturalist, 192(6), pp.687-697.","N","gompertz",0.996660041888546
"227",276,"Tetraselmis tetrahele","ESAW",8,"Bernhardt, J.R., Sunday, J.M. and O’Connor, M.I., 2018. Metabolic theory and the temperature-size rule explain the temperature dependence of population carrying capacity. The American naturalist, 192(6), pp.687-697.","N","gompertz",0.999992891298446
"228",277,"Tetraselmis tetrahele","ESAW",16,"Bernhardt, J.R., Sunday, J.M. and O’Connor, M.I., 2018. Metabolic theory and the temperature-size rule explain the temperature dependence of population carrying capacity. The American naturalist, 192(6), pp.687-697.","N","gompertz",1
"229",278,"Tetraselmis tetrahele","ESAW",25,"Bernhardt, J.R., Sunday, J.M. and O’Connor, M.I., 2018. Metabolic theory and the temperature-size rule explain the temperature dependence of population carrying capacity. The American naturalist, 192(6), pp.687-697.","N","gompertz",0.999889402229702
"230",279,"Tetraselmis tetrahele","ESAW",32,"Bernhardt, J.R., Sunday, J.M. and O’Connor, M.I., 2018. Metabolic theory and the temperature-size rule explain the temperature dependence of population carrying capacity. The American naturalist, 192(6), pp.687-697.","N","gompertz",0.99989043997143
"231",280,"Weissella viridescens","MRS broth",4,"Silva, A.P.R.D., Longhi, D.A., Dalcanton, F. and Aragão, G.M.F.D., 2018. Modelling the growth of lactic acid bacteria at different temperatures. Brazilian Archives of Biology and Technology, 61.","N","quadratic",0.480116496642054
"232",281,"Weissella viridescens","MRS broth",8,"Silva, A.P.R.D., Longhi, D.A., Dalcanton, F. and Aragão, G.M.F.D., 2018. Modelling the growth of lactic acid bacteria at different temperatures. Brazilian Archives of Biology and Technology, 61.","N","cubic",0.592359593483573
"233",282,"Weissella viridescens","MRS broth",12,"Silva, A.P.R.D., Longhi, D.A., Dalcanton, F. and Aragão, G.M.F.D., 2018. Modelling the growth of lactic acid bacteria at different temperatures. Brazilian Archives of Biology and Technology, 61.","N","quadratic",0.763113522272057
"234",283,"Weissella viridescens","MRS broth",16,"Silva, A.P.R.D., Longhi, D.A., Dalcanton, F. and Aragão, G.M.F.D., 2018. Modelling the growth of lactic acid bacteria at different temperatures. Brazilian Archives of Biology and Technology, 61.","N","gompertz",0.524820936965062
"235",284,"Weissella viridescens","MRS broth",20,"Silva, A.P.R.D., Longhi, D.A., Dalcanton, F. and Aragão, G.M.F.D., 2018. Modelling the growth of lactic acid bacteria at different temperatures. Brazilian Archives of Biology and Technology, 61.","N","quadratic",0.843320311186425
"236",285,"Weissella viridescens","MRS broth",30,"Silva, A.P.R.D., Longhi, D.A., Dalcanton, F. and Aragão, G.M.F.D., 2018. Modelling the growth of lactic acid bacteria at different temperatures. Brazilian Archives of Biology and Technology, 61.","N","gompertz",0.802792735639927
